{
    "cs_version_oct": "20240314",
    "cs_version_mar": "20240330",
    "psa_version": "20240123",
    "psa_image_version": "v1.25.5",
    "jfrog_user": "lhcp-gateway-bot",
    "jfrog_password": "CM@2023rock$",
    "psa_container_image_checksum": "1cef343a059e2e87b4321c2bb1d5c434988c4903e9835f6c0e7f9a3de76e37e8",
    "psa_tgz_checksum": "6a192b401e40b74eb1bb44a6e04f7ddfcf678201950d9859a89bcd0065bd0fdc",
    "csv_oct_checksum": "0c6653d85411b05bc7f8dd0fae024be116b583f54aa675b475c624092a0f2771",
    "csv_mar_checksum": "7060af86161ca9e2f3e08d696857ae9cbbc3cffeaeab13968e779221b7a15fa3"
}
