{
    "appname" : "",
    "fqdn" : "",
    "dns_server1" : "",
    "domainname" : "",
    "username" : "",
    "password" : "",
    "ip" : "",
    "ntp_server1" : "",
    "ntp_server2" : "",
    "ntp_server3" : "",
    "timezone" : "",
    "netmask" : "",
    "gateway" : "",
    "proxy_ip" : "",
    "no_proxy" : "",
    "primarydns" : "",
    "secondarydns" : "",
    "dcdomainname" : "",
    "k3sclusterip" : "",
    "k3skubeconfigtoken": "",
    "k3skubeconfigcert": "",
    "pdnsapi": "",
    "macaddress": "",
    "macaddress2": ""
}