{
    "artifactory": {
      "url": "https://hcss.jfrog.io/artifactory/glcg-charts/gl-gateway-certsvc-mgmt/prod",
      "deployer_json": "https://hcss.jfrog.io/artifactory/glcg-common-services-charts/gl-gateway-certsvc-mgmt/prod/deployer.json",
      "certsvc_script": "https://hcss.jfrog.io/artifactory/glcg-common-services-charts/gl-gateway-certsvc-mgmt/prod/cert-svc-installer-",
      "jfrog_username": "bGhjcC1nYXRld2F5LWJvdA==",
      "jfrog_password": "Y21WbWRHdHVPakF4T2pFM05ETTFPRGs1TkRjNlVXOTJaazkxZW1GSk9UVk5la2xWV21GR09ERXlOamhyUVZwSg=="
    }
  }